{
    "441054187": {
        "mod_name": "7 Дней Лета: Lost Alpha",
        "Work_status": "Enabled"
    },
    "451835368": {
        "mod_name": "Булки, кефир и рок-н-ролл",
        "Work_status": "Enabled"
    },
    "1095112069": {
        "mod_name": "Пионерка без оригинала",
        "Work_status": "Enabled"
    },
    "501090957": {
        "mod_name": "Second Chance|Второй Шанс",
        "Work_status": "Enabled"
    },
    "354089351": {
        "mod_name": "Alisa Alternative Ending",
        "Work_status": "Enabled"
    },
    "432520799": {
        "mod_name": "Последнее Лето",
        "Work_status": "Enabled"
    }
}